epoch,lr,loss,iou,val_loss,val_iou,val_dice
0,0.0001,1.1193225460455698,0.01809588222357784,0.9831559662417177,3.9523504407245955e-10,7.904700877493699e-10
1,0.0001,0.9198208499480697,4.1757377922795606e-10,0.9152585195971059,3.9523504407245955e-10,7.904700877493699e-10
2,0.0001,0.8609451362315346,6.919462543227393e-05,0.8944092141839611,3.9523504407245955e-10,7.904700877493699e-10
3,0.0001,0.8120584693901679,0.007728259147746835,0.862931354360266,3.9523504407245955e-10,7.904700877493699e-10
4,0.0001,0.7337065540692386,0.11995695844655999,0.8388039576701629,0.0003378252507162628,0.0006700758337434019
5,0.0001,0.6335076350061333,0.37560151503586964,0.8305631144579514,0.1563821213167347,0.26477045597534077
6,0.0001,0.5552959501305047,0.5088128998128308,0.7329028923432905,0.23997543119474768,0.378460590275806
7,0.0001,0.4836620755274506,0.5480075755412553,0.5055668001428192,0.4452426120358473,0.6061991956452998
8,0.0001,0.4143517211846569,0.5638756051800946,0.4755068491230081,0.5183044376183693,0.6787687479187366
9,0.0001,0.38851317160708065,0.5777093217676275,0.3908076067983886,0.5651443418449366,0.7183787581096539
10,0.0001,0.3738569776144098,0.596389503457462,0.3787906009417314,0.592915668340909,0.7414112153870782
11,0.0001,0.3687660755480037,0.5998566294384899,0.3416015974112919,0.6296981386717025,0.7705938546876517
12,0.0001,0.3567223993184812,0.6097324777382238,0.40422118517942046,0.5732462563571404,0.7258396190216658
13,0.0001,0.3491711901391254,0.609646923444685,0.5203693437052297,0.43822771540770045,0.601421678860783
14,0.0001,0.3469233258682139,0.6101592188917914,0.3838835540926937,0.5863805148998754,0.7374263345557627
15,0.0001,0.3403348161784165,0.6178511385616292,0.33954499247091596,0.6234439657626721,0.7657585798811285
16,0.0001,0.3339913885711747,0.6252492422097826,0.341801045469312,0.647925858266247,0.7845879825047524
17,0.0001,0.32394636931883936,0.6315890815712397,0.33894814791041855,0.6311789288049543,0.771009913809438
18,0.0001,0.32084536393556523,0.6353532021990882,0.3416546752382984,0.6240521058252474,0.764982020828566
19,0.0001,0.3218381998183973,0.6372311278419673,0.35735675266810824,0.618818825680479,0.7630368788100441
20,0.0001,0.31221360006534,0.6416454118903825,0.3141538142721295,0.6620449540884309,0.7950000892904858
21,0.0001,0.31308192294090986,0.6421865942075172,0.3084847805919228,0.6553026792101603,0.7899284757191177
22,0.0001,0.3067755901857334,0.6466749139020859,0.3567215648544577,0.6053401990885326,0.7510843005128813
23,0.0001,0.30806321563089595,0.6444190949570824,0.3174985969787116,0.6466694543769687,0.7836045769291585
24,0.0001,0.30073110770215006,0.6507611321661887,0.35239210397332577,0.6108424902703494,0.7549912693362802
25,0.0001,0.300660469021429,0.655290866401087,0.304484092272245,0.6656844415964481,0.7972958280337852
26,0.0001,0.29797107288066077,0.6549604676193613,0.306873694116816,0.6652990701362678,0.7970849790530287
27,0.0001,0.2908133618424044,0.6624781289364989,0.29823495300261527,0.6646481832287875,0.7961541291849699
28,0.0001,0.29085513554951725,0.6631804184190583,0.37333171435328194,0.5900209454127097,0.7394563206649016
29,0.0001,0.28435349699986334,0.6624726123838576,0.4018059765899574,0.5800119863864341,0.7299269175529777
30,0.0001,0.2847071545308127,0.6652058768928216,0.321021868959888,0.6511395047329671,0.7859302084659698
31,0.0001,0.2822990767000353,0.6634621018716956,0.3585397998491923,0.6091625982966827,0.7531849880930054
32,0.0001,0.2813673487261814,0.6662314476894671,0.3231767088502318,0.6377653022722451,0.7757760994867559
33,0.0001,0.2825868238201913,0.6682769022816166,0.28662772438465023,0.6690410346166695,0.8002623575612278
34,0.0001,0.2760098183198887,0.6704784772011319,0.3653758351619427,0.6067208643098777,0.7515354142259091
35,0.0001,0.2714596625198336,0.6774306928928251,0.3069533489562653,0.6570446649142464,0.7907859362499522
36,0.0001,0.27352050467229944,0.6728515060824002,0.2719015638470213,0.6935748982452168,0.8176025570139374
37,0.0001,0.26975405424395027,0.678113071476864,0.314285152615645,0.6685879349900677,0.7989236587721349
38,0.0001,0.26906846014454083,0.680649060889605,0.2981373747954002,0.6712093609890447,0.8017437489091404
39,0.0001,0.2671824222540154,0.6829189743869243,0.28010928543496044,0.6782400040535834,0.8066040099463706
40,0.0001,0.2670670977848418,0.6832440598982491,0.28755182328023315,0.6769447399106168,0.805643121998556
41,0.0001,0.26710465884603124,0.67927301644648,0.31919615270890594,0.6461221886614619,0.7824277036270235
42,0.0001,0.2674450754900189,0.6777844836145203,0.3236931650848179,0.6507493181235967,0.7858144426351172
43,0.0001,0.261774591060684,0.6886597057095099,0.2963282149353307,0.6849594138272436,0.8112726919634188
44,0.0001,0.25847066916963635,0.6887393283050837,0.28389109469158746,0.6917693470790078,0.8161219273113799
45,0.0001,0.256173849434537,0.6880324951101087,0.26993594163066736,0.6905785346233708,0.8155444279094569
46,0.0001,0.253760315149146,0.6959658433528687,0.3010369834554938,0.6661784430127362,0.7980687010432665
47,0.0001,0.25534463213647113,0.6891911735681866,0.37858297361995713,0.6018148388723297,0.7467267825479478
48,0.0001,0.25534825131077976,0.6926981232477449,0.30987997958948327,0.6616610626983246,0.7936420195546604
49,0.0001,0.24918541312217712,0.6948478745682684,0.27675484371927633,0.6939191179743046,0.8177191443653096
50,0.0001,0.24858625863185702,0.6960050873462434,0.34823040735153926,0.6167005160135608,0.7589073539303127
51,0.0001,0.2524430501713034,0.6948410916384797,0.28476938632600035,0.6845729994584733,0.8112106499776327
52,0.0001,0.24484901590382352,0.7022061634927687,0.26286038532580214,0.701439426030691,0.8231540891357505
53,0.0001,0.24210905275471947,0.702193089953535,0.28862715013079593,0.6930543229311609,0.8173003568362303
54,0.0001,0.24878603732213378,0.6978150486551175,0.28133636385529903,0.6898805152683744,0.8147598765958557
55,0.0001,0.23785998551722834,0.705242487536536,0.286557885316702,0.6877106430458494,0.8133955264523942
56,0.0001,0.24248717985499432,0.7029810428292764,0.29811609162515773,0.6600010660299452,0.793259152154618
57,0.0001,0.24551662731477442,0.700917406321066,0.2649256528624685,0.70192737368496,0.8235503045040241
58,0.0001,0.24334270446835196,0.699383643535031,0.26567555041540236,0.6994032753213643,0.8217689801261211
59,0.0001,0.23824537805665066,0.7075401679106663,0.35317140391894747,0.6460170696638712,0.7814827057740221
60,0.0001,0.23855965781737776,0.7101605255887046,0.3015224016083902,0.6752161150122605,0.804650035112071
61,0.0001,0.2370187562671216,0.7064204089060513,0.2687188793014694,0.6929277202783727,0.8170698639748276
62,0.0001,0.2364836394896402,0.7078253028778023,0.2775195844662495,0.6893536968636917,0.814564567622443
63,0.0001,0.23250637671855443,0.7065285732115579,0.27794378242649875,0.6998838947715925,0.8220029692625884
64,0.0001,0.2420923500595724,0.7006153337074323,0.3019021307374095,0.6775612062249334,0.8063400710258469
65,0.0001,0.23135943705325618,0.7110050677771397,0.27776539685961965,0.687239582737659,0.8129658508697541
66,0.0001,0.23258553590515957,0.7066165802678497,0.2636792078450486,0.705206060395373,0.8258611125442118
67,0.0001,0.2273356498712126,0.7115881640011387,0.27142944620860804,0.7006521885301703,0.8225875009727469
68,0.0001,0.2271381451145691,0.7151071833644205,0.2760912177763579,0.6910200143944308,0.8160108098932476
69,0.0001,0.22678353278623783,0.7160882392065484,0.5896006778919654,0.41513095174917974,0.577525012379415
70,0.0001,0.22954937500660033,0.7103213576650819,0.2586794737385306,0.7129136256250972,0.8309596068560393
71,0.0001,0.2253118368303951,0.7161793059580055,0.2945159998459694,0.6790252774667864,0.8070576626367283
72,0.0001,0.22587924373938756,0.7174342608346644,0.26246990219795663,0.6995663466169927,0.8216894137686841
73,0.0001,0.22451943569981,0.716005589180094,0.2608878023567654,0.7078777844006459,0.8275878646138252
74,0.0001,0.22061578521285863,0.7198140517212891,0.3705996709428864,0.6263686220732636,0.7676191630211702
75,0.0001,0.22590663106016376,0.716455743673138,0.2636606555718642,0.7088240304329023,0.8281876666281388
76,0.0001,0.2207731141927926,0.7236406867749757,0.25141984961190067,0.7129533087612461,0.8312353861732575
77,0.0001,0.2259157647871796,0.7186317952742354,0.2995229129826193,0.6705790465570016,0.8005483046886087
78,0.0001,0.22005929915672717,0.7175380293289084,0.30598266662913803,0.6649267153047359,0.7954550844362993
79,0.0001,0.21788548204280875,0.7210584795726711,0.26043829316402967,0.702636128945962,0.8240600034419311
80,0.0001,0.21503381099661484,0.7265967433444366,0.2564669683193549,0.7112952100650345,0.8301151709281993
81,0.0001,0.22060509694411473,0.7242202426106691,0.2706318624290355,0.6973981314568236,0.8202967665485607
82,0.0001,0.21480361284578547,0.7276327195943167,0.2734143416850995,0.6924265422951011,0.8166888323173519
83,0.0001,0.21308203107293913,0.7262993297101495,0.25472103725204537,0.7106555914691053,0.8294985745541472
84,0.0001,0.215884357718203,0.7308725868725496,0.4163028872930087,0.5586385778783207,0.7116197744835052
85,0.0001,0.2142253796405652,0.7252489793220402,0.3093290849155559,0.6738155514738605,0.8032677273059593
86,0.0001,0.2175841449814684,0.7235431888650256,0.25230948343163445,0.7122567200114968,0.8304374659950938
87,0.0001,0.21316550825448596,0.730175839496507,0.2687951269603911,0.7059081965689392,0.8260712636219752
88,0.0001,0.21181817648603635,0.7278913349443296,0.2829097658395767,0.6834608491608976,0.810187384009835
89,0.0001,0.21021556205061429,0.7329879085522817,0.2706625354049843,0.6997249332206003,0.8218670400036538
90,0.0001,0.20672320319777904,0.7332904602368575,0.29491396783254087,0.6695871061468167,0.800367614497479
91,0.0001,0.21116442342891412,0.7291057761844364,0.27149377654105317,0.6889780061029276,0.8140364616126279
92,0.0001,0.21092292899265885,0.726781830659858,0.28688601778322087,0.68230821253555,0.8097610902282087
93,0.0001,0.21824272311128237,0.72525918933336,0.26013781632477545,0.7120699793434184,0.8305064883249174
94,0.0001,0.20908354389864733,0.7337651950746519,0.25081596690001506,0.7166838758569446,0.8336725442724165
95,0.0001,0.20574027023223393,0.7363221049852784,0.2510845431368866,0.7199013764336065,0.835908856394419
96,0.0001,0.20668577783576705,0.734409971695125,0.2589544804541619,0.7095785356139055,0.8284633817569335
97,0.0001,0.20320609066744938,0.7368716836237041,0.27447609761695724,0.7046092517141875,0.824901958492517
98,0.0001,0.20989038280266173,0.7330874378461543,0.2517441469671089,0.7177752448643053,0.8343779819055901
99,0.0001,0.2025003095760065,0.7380612950375643,0.25351769004985963,0.7197596195035516,0.8358710571201868
100,0.0001,0.20072138498482459,0.7401596059301802,0.273542888380669,0.6924770119370016,0.8169239498341816
101,0.0001,0.2044358435086906,0.7338823736518056,0.28042193161043927,0.6848910915098031,0.8115320897245378
102,0.0001,0.20193174706005,0.7385029995481129,0.2653146988197124,0.7081894708499964,0.8276976067999502
103,0.0001,0.1976453125860323,0.7411914484950007,0.2638963432539077,0.7084423351411356,0.8279770130669128
104,0.0001,0.202885700362351,0.737344885216209,0.25134124205662656,0.716991752582136,0.8338034216218078
105,0.0001,0.20435324040077188,0.7370479568777616,0.26946702446693027,0.7011061349286309,0.8225724773431374
106,0.0001,0.20438798371812,0.7359093630957683,0.26540038737403604,0.7105441733360619,0.8290943998847324
107,0.0001,0.19913601445253282,0.7410384166148696,0.2805187279160643,0.6938254418825667,0.817633299614875
108,0.0001,0.20079281717977104,0.7378672226186251,0.24729190182773184,0.7246587711098426,0.839094669290293
109,0.0001,0.19812204718918486,0.7390624388414254,0.25911435588593884,0.711171117156836,0.8295280219561006
110,0.0001,0.1978221056599389,0.741473226354544,0.36266900844626376,0.6090646350349651,0.7531245300016642
111,0.0001,0.1984906108392512,0.7428726146019555,0.26130058559087604,0.7134726446920038,0.8313393495301877
112,0.0001,0.19321483480470145,0.745728971880136,0.25670886754771294,0.7199737747274574,0.8359634739474825
113,0.0001,0.19679376266568022,0.7438264442095277,0.2911933733102603,0.6924430511916747,0.8163917291419557
114,0.0001,0.19622504842631958,0.7427510563367361,0.2514797997125339,0.7214228347185337,0.8367121724203131
115,0.0001,0.19382434349287958,0.7459120981956862,0.25677661166522964,0.7169898791729595,0.833755465364955
116,0.0001,0.19466733316178708,0.7452436109436,0.3259218496717376,0.6529583215049125,0.7870656895740925
117,0.0001,0.19123888393754468,0.7463625237061552,0.2563947677721471,0.7113657573650536,0.8299862986045717
118,0.0001,0.1905109739917166,0.7478913188783793,0.2679855001496745,0.706453812519484,0.826438222644501
119,0.0001,0.1907451668589869,0.7488743904092705,0.3035479811303345,0.6667337709958064,0.798188053713039
120,0.0001,0.1972435307689011,0.745044626755047,0.3073127848324758,0.6476700782771144,0.7845481705073922
121,0.0001,0.20076758570640402,0.7404051957391535,0.2500671645005544,0.7180368667036975,0.8341208081729459
122,0.0001,0.18687898019219146,0.7527246182797537,0.29637069558049295,0.6785316628007405,0.8067658053636513
123,0.0001,0.18657939160680947,0.7529576619647029,0.2503945399007518,0.7213935292722294,0.8366499031537822
124,0.0001,0.18702353065943017,0.7539661298524863,0.3544238471722865,0.6113918373962607,0.7555912472353367
125,0.0001,0.1840895556516069,0.7586870434608103,0.25513786312206327,0.7168440028332062,0.8337825848653805
126,0.0001,0.18548693310688524,0.7590771259534169,0.25228934934287717,0.7223005653761535,0.8374776325360703
127,0.0001,0.1905106694492347,0.7532990828484211,0.2509231929813986,0.7216409103787438,0.8370082968406496
128,0.0001,0.19222606647321405,0.7468966976202042,0.48490594573073337,0.5274060558408663,0.6804405595333056
129,0.0001,0.18820426982882268,0.7517939933538862,0.2644905293489987,0.7143997374241746,0.8316697267059874
130,0.0001,0.18972807240617626,0.7488703937136447,0.251166371962963,0.7156086476656591,0.8322282994986656
131,0.0001,0.18747867709573576,0.751242652748485,0.2616251427612025,0.706308205326767,0.8264623124386035
132,0.0001,0.1861533694626654,0.7540625773247642,0.25196853280067444,0.7151919145429968,0.8323151253930646
133,0.0001,0.18720926081433015,0.7571651513723718,0.3351613510222662,0.633278519418437,0.7717221334690644
134,0.0001,0.18638478991959026,0.7553537594361656,0.24418575690561162,0.7237799075937611,0.838287776022338
135,0.0001,0.1821935699759599,0.7579199925111576,0.2509252150089313,0.7203367272952996,0.8359734326844034
136,0.0001,0.18660558825906584,0.7523933521392964,0.2436748709761616,0.7269893716685167,0.8405824243921547
137,0.0001,0.18326020068215096,0.7617261029228671,0.26316936494229914,0.7124087000164662,0.8304919036583778
138,0.0001,0.18555191972786012,0.7525898591828655,0.27804354832067596,0.6919569534996974,0.8163903348253891
139,0.0001,0.18342573702444925,0.7577024890003748,0.26059381123427505,0.7094926817962808,0.8287440177009006
140,0.0001,0.18513417260392623,0.7554173935519667,0.28889423581488405,0.6795824516947528,0.8074731138731335
141,0.0001,0.18519249826888828,0.7572372212454161,0.2555293205566022,0.715173343141591,0.8324469290220341
142,0.0001,0.1780656397835735,0.7610097986419404,0.26456310630062996,0.7092457113021833,0.8278260923304359
143,0.0001,0.1811409231604022,0.7573686397858284,0.31593911486230924,0.6642014777994826,0.7954559148699479
144,0.0001,0.18063842327169635,0.7600885097521128,0.28525008184787554,0.6845300282417823,0.8110226818471383
145,0.0001,0.1861741428866106,0.7576669065452062,0.28598996227259166,0.6858054630848333,0.8118294792118075
146,0.0001,0.1865750027491766,0.7558883345919017,0.2584038740331,0.7141420024673587,0.8317390533490612
147,0.0001,0.18210804862353733,0.7600078662619092,0.27513091053281513,0.7022501706439772,0.823828540678773
148,0.0001,0.1782251346089384,0.7634269626721997,0.24508227091350834,0.7274000911699126,0.8406422345681698
149,0.0001,0.17723611235509024,0.7647955468089997,0.26446001078837955,0.706156529854394,0.8263530960688562
150,0.0001,0.1779176848118796,0.7603482029683822,0.24591603618620078,0.726782489989948,0.8405248585688518
151,0.0001,0.1761544782887487,0.7650337994762008,0.2856811335781118,0.6888247176278623,0.8142651507216682
152,0.0001,0.17714181115083835,0.7636408787923292,0.24877676220385583,0.7216273307664032,0.837027965388473
153,0.0001,0.17505063291858225,0.7638929462393333,0.24498860739962958,0.7228799620817444,0.8374628371318698
154,0.0001,0.17435542839195797,0.767712967220705,0.25528371590616067,0.7191481083933298,0.8354013443463972
155,0.0001,0.17509973227210782,0.7658788965120928,0.27078928708375155,0.7072830859498955,0.8265436601332317
156,0.0001,0.17372661453726537,0.764143972826548,0.2674143579634991,0.6930505169275575,0.8168863905339055
157,0.0001,0.17092748854638024,0.7692242168750861,0.25988464281235857,0.704604002752869,0.8251381676496037
158,0.0001,0.1732196926467997,0.767622505940302,0.2554682602375855,0.7190921633727037,0.8351325539087013
159,0.0001,0.17883282910813303,0.7621574603599912,0.2688917183068209,0.7079068302773283,0.8275313402603732
160,0.0001,0.17269836645573378,0.7718901918898939,0.26170305481978823,0.7116202435755845,0.8297451112676013
161,0.0001,0.1739980093039134,0.7659499588606908,0.28684624620191346,0.688159648402351,0.8129104842383299
162,0.0001,0.17106363525175872,0.7701918818822282,0.2448469551600816,0.7238334969381741,0.8383522046570028
163,0.0001,0.17157217243905454,0.7692884354774989,0.264693905036528,0.7131159162982698,0.8310984159114305
164,0.0001,0.1718539208831156,0.7705838521326855,0.2409014649443574,0.7318007918424301,0.8436888691751261
165,0.0001,0.17453847820048823,0.7672700688272239,0.2533807689562822,0.718344459880011,0.8344121592131063
166,0.0001,0.1728121899342274,0.7674185057559206,0.2489448587099711,0.7267950293860314,0.8401814796649286
167,0.0001,0.16933811828494072,0.7724988289637489,0.2448387982207777,0.727155002348871,0.8405504852862592
168,0.0001,0.17362028371323557,0.76838553892061,0.24997686531954197,0.7211233703188845,0.8364247027904426
169,0.0001,0.17115499366841772,0.7708716303394919,0.25574474184067697,0.7214669498771612,0.8366744068914317
170,0.0001,0.17204201117377071,0.7684662229597145,0.24929693996251284,0.7215427090990487,0.8370894697221527
171,0.0001,0.16847126722774086,0.7726751104502196,0.24481375695584895,0.7281636348341246,0.8411629939511438
172,0.0001,0.1666063209721709,0.7738230747611725,0.28742741168418645,0.6898198008180647,0.8144433796872012
173,0.0001,0.17226731141700463,0.7709881315802365,0.2556210029802043,0.7281719296404601,0.8412315265377877
174,0.0001,0.16603076205972364,0.7763915768466615,0.2559745677443214,0.7190073960979766,0.8351695683797904
175,0.0001,0.1676348535453572,0.7738766562073826,0.24186345088831235,0.732872672765906,0.8444545537499498
176,0.0001,0.1647562741795007,0.776236572953112,0.25231468786686767,0.726558806192469,0.8400162751623261
177,0.0001,0.16373945663080497,0.777727331159388,0.2644086830017768,0.7180114273591404,0.8339253924176315
178,0.0001,0.16407026821637855,0.7762791661389054,0.24071624291030477,0.7272612915863734,0.8406671276602818
179,0.0001,0.16749247771633022,0.774625449365471,0.25169979887349264,0.725035389857074,0.8390926254889051
180,0.0001,0.1658426380223211,0.777357027748432,0.2535270108626439,0.7238787226122305,0.8383519648796842
181,0.0001,0.16666639889316523,0.7752230057184641,0.2518044366832181,0.7149066228716741,0.8321729549693682
182,0.0001,0.1642889395246611,0.7742362752669025,0.24889878197249038,0.7188917654380834,0.8351123540072924
183,0.0001,0.16400307770270636,0.7791175359151676,0.2504736806774314,0.720537578350298,0.8360675135181003
184,0.0001,0.1645817547379171,0.7816085657987608,0.2569943094428206,0.7161962724598194,0.8328361717942833
185,0.0001,0.16485184595427094,0.7795246723131277,0.2502461275010755,0.7263570251490417,0.8398911435098579
186,0.0001,0.16314139244530132,0.780265140702889,0.24745698617054865,0.7214732747340882,0.8363535583401116
187,0.0001,0.1668527621830649,0.7744954272824202,0.2572629587117569,0.7150536861962777,0.8323193584770858
188,0.0001,0.1624665727619739,0.7796448892850016,0.24495490446632162,0.7283894929999378,0.8413480298190553
189,0.0001,0.16019436404766405,0.7869921361529219,0.271520774552237,0.7110093107361449,0.8293420249389105
190,0.0001,0.1592000861213926,0.783204598628638,0.2477465209725139,0.7235920559347983,0.8381782430519839
191,0.0001,0.16125330769949975,0.7811839150915574,0.25098786849678656,0.7253446144321825,0.8393865215544261
192,0.0001,0.16474009653115096,0.7786604292657703,0.2432459246762943,0.7262466968432599,0.8397371172707573
193,0.0001,0.16302268491948352,0.781232400804808,0.2545263354594891,0.7159850942406338,0.8328000749076275
194,0.0001,0.16167995667852023,0.7800603468554962,0.2591858174883839,0.7203321658879623,0.8360010480486495
195,0.0001,0.15793738544315977,0.787247202652602,0.3219347699876233,0.6619001207480948,0.7939069075365935
196,0.0001,0.1596259020597619,0.7868553365221246,0.24440538391962155,0.7283986385617917,0.8413773150651738
197,0.0001,0.16126842322923682,0.7832896861378034,0.24416559918241187,0.7271874435381858,0.8406193214900173
198,0.0001,0.15824521620593526,0.7826301350103765,0.24514979888231325,0.7296744228841474,0.8420580530347839
199,0.0001,0.15640911440748503,0.7869555842180622,0.24795796697611336,0.7284897299433853,0.8415198947557294
200,0.0001,0.15949317996444948,0.7838898650489404,0.3406641487673525,0.6388547354766534,0.7757784792472037
201,0.0001,0.1579897366464138,0.7868305360174733,0.25389808077951925,0.726770303096125,0.8400491652281618
202,0.0001,0.1579240335370688,0.7866322086018448,0.2570694259234837,0.7108721948798447,0.8294256566677715
203,0.0001,0.159694412832751,0.7838445566201712,0.2585850973705669,0.7228661759603806,0.8376567419845244
204,0.0001,0.15713346086661606,0.7834542016656362,0.2555612143906918,0.7227673861629377,0.8375317589536869
205,0.0001,0.15660053694292025,0.786035922465585,0.2410581070970703,0.7323981528970609,0.8440602717096914
206,0.0001,0.1610610351404723,0.7789843351162445,0.2731110882628095,0.6953473594715488,0.8188897473662244
207,0.0001,0.15840713638702736,0.7831596821420047,0.24328936194325543,0.7255404188479625,0.8396229761255353
208,0.0001,0.1532828800161095,0.7893392634597111,0.2459983203437302,0.7253025880536638,0.8391044391998105
209,0.0001,0.1547304534846369,0.7901093264353947,0.24417246719856403,0.7233084748762911,0.8375628114921443
210,0.0001,0.15328370552400455,0.7895216015963034,0.24190278225765996,0.7277821121592593,0.8410699649336549
211,0.0001,0.15683284138931947,0.7856999732412779,0.2480566171390233,0.7250979737140105,0.8391563739190369
212,0.0001,0.15545768597546747,0.7881013614312969,0.2441410005856783,0.7297678557547985,0.8421910911462891
213,0.0001,0.15529063239912777,0.7884519007319954,0.2962223254280649,0.6937168278172753,0.8173107088129987
214,0.0001,0.1574431037365952,0.7845890668055822,0.24647440452933747,0.7249691162486234,0.8390714148073661
215,0.0001,0.15441859014989698,0.7872197129134896,0.24290713727910876,0.7299537813321805,0.842422353323448
216,0.0001,0.1518929735483492,0.7893914546329446,0.24614703131246043,0.7250019442702553,0.8391497411156054
217,0.0001,0.1495293434983229,0.7951357567524077,0.249862090026066,0.7214858766963813,0.8367555032139602
218,0.0001,0.15038816828061552,0.7933567107332106,0.24406625166699125,0.7265423966612922,0.8400505206149961
219,0.0001,0.1544923785909572,0.7893651630293603,0.24854057344979855,0.7220567347175945,0.8371836967826441
220,0.0001,0.15517417388036847,0.7886902196225779,0.24968750130780887,0.7195457742374933,0.8349395663373276
221,0.0001,0.15537521744366078,0.788953285321746,0.26180359393685726,0.7134764268681827,0.831254932086592
222,0.0001,0.15562540087301066,0.7922030357036669,0.25075325064170056,0.7206706591823607,0.8358673891913
223,0.0001,0.1505835570175858,0.7903514509627915,0.23924223876698114,0.7330222373984648,0.8443497374622587
224,0.0001,0.15179236444151578,0.7926139677712464,0.24967076140882333,0.7254593215107991,0.8393915022478013
225,0.0001,0.1510857050307095,0.7928240225314616,0.25215882859823907,0.725274397052943,0.8391912176099698
226,0.0001,0.1507771088029532,0.7930728332091154,0.24998527754357447,0.720895761982355,0.8360811567417331
227,0.0001,0.14959351775948615,0.7958055935311449,0.261942357698203,0.7110053082673238,0.8292022622767227
228,0.0001,0.1519332606181064,0.7912192727894706,0.246636824402617,0.7233500364592812,0.8378860465629789
229,0.0001,0.1518315494827488,0.7936634060860869,0.25085023995284195,0.7205168724751649,0.8359251359346492
230,0.0001,0.14933911647976322,0.7975626929887736,0.24585008986921975,0.7300950924068995,0.842469155808945
231,0.0001,0.14759556782048414,0.799118199998238,0.24739115376830537,0.7261906117720524,0.8398892236926196
232,0.0001,0.14918395764577916,0.7973352003714171,0.24467619396609702,0.7225105104530857,0.8373319400630238
233,0.0001,0.1465379926649963,0.8027248202012407,0.33152329670640573,0.639043834726669,0.7767816382606828
234,0.0001,0.14952113375286846,0.7922262470978726,0.24343272366803206,0.7279763824981449,0.8411114196228089
235,0.0001,0.14827430815271594,0.7961990043613933,0.24492008836714776,0.734325023988014,0.8453729784597936
236,0.0001,0.15010232270202217,0.7963295500695694,0.282243386784316,0.7087181109694777,0.8276691476848836
237,0.0001,0.14811668169739492,0.7966633420574899,0.2461191788588688,0.7264942964877729,0.8398787575580103
238,0.0001,0.147009172148126,0.7994555871188339,0.23991021737729237,0.7296453721230504,0.8422817033884998
239,0.0001,0.1451647289316444,0.7979793587640543,0.24082593144951286,0.7322080216902869,0.8438464228785464
240,0.0001,0.14742120188277433,0.7976888400259846,0.23817540148457328,0.731640853630621,0.8435607862529374
241,0.0001,0.1463422100607525,0.7981764001406889,0.2528989621789464,0.7155884456645184,0.8326898280090433
242,0.0001,0.14400133279645266,0.7977271448652419,0.2554063597223261,0.7167530436375824,0.8334568767311276
243,0.0001,0.14571993074872913,0.7988704087787369,0.23994814923831395,0.7295512076061805,0.8418713340373604
244,0.0001,0.14688362320885062,0.7986124982319068,0.24717068808637696,0.7234867799959245,0.8381426927458593
245,0.0001,0.1430837868658059,0.8016404361161814,0.2394312145836624,0.7283179621592828,0.8412275434270202
246,0.0001,0.14665697947801912,0.7984246032451582,0.24325018357007933,0.7299856852688653,0.8423006185880586
247,0.0001,0.14663404133170843,0.7993477037461969,0.24451084915316584,0.7275261461977581,0.8404548828642278
248,0.0001,0.14337542948915677,0.8020189735498843,0.24458232920466763,0.7285009092917656,0.8413636331138039
249,0.0001,0.14607857315636733,0.8015979021719097,0.2477051291491959,0.7256432673651804,0.8396618256786642
250,0.0001,0.14173758553121896,0.8051764077954211,0.2907625077080814,0.6953019567497704,0.8184477167612013
251,0.0001,0.14340958286843755,0.8004331433659483,0.25352201826406484,0.7146345344013052,0.8321253087695882
252,0.0001,0.1447031445636907,0.8025553575888646,0.2406313970630422,0.7319992731607969,0.8437068530306562
253,0.0001,0.1476543260847821,0.8002312338908251,0.25578337574834786,0.7223922665808802,0.8371926761033155
254,0.0001,0.14333228939486778,0.8009120099583008,0.24299495309700458,0.7296031193413652,0.8422256524654016
255,0.0001,0.14207804994657636,0.8026619665944892,0.24082185786504012,0.7271811621456148,0.8402246069057666
256,0.0001,0.14285706676652327,0.8035642547125705,0.2484642092561547,0.7265411974266909,0.8401658786398908
257,0.0001,0.14335142829291084,0.8021438464213896,0.24701347270291366,0.7288265593646162,0.8413982576656135
258,0.0001,0.14835019587703488,0.8006984848922118,0.24458795196407443,0.7275014456750236,0.8406089728094686
259,0.0001,0.14382580626646385,0.8016527138513343,0.24351756061826432,0.7275930331083332,0.8408019953642486
260,0.0001,0.1429250077892314,0.8024912124292639,0.24509809147088957,0.7307487032545299,0.8428505325861183
261,0.0001,0.1403792793314685,0.8071889451201669,0.23786331904240143,0.733468404710148,0.8446989915119242
262,0.0001,0.13955061630729368,0.8075662367678978,0.23901587277105002,0.7324149728686067,0.8441326313720177
263,0.0001,0.14204857213532224,0.8013263565619548,0.24397076355231986,0.725653979042945,0.8394404942730084
264,0.0001,0.13947312591378302,0.804077520917614,0.24643985195692641,0.7268552991538568,0.8403326355107592
265,0.0001,0.1394597990986179,0.8062028166269881,0.24007788824511098,0.7318237026342669,0.8435096016499541
266,0.0001,0.13929287374348326,0.807560168672745,0.2482532263893784,0.7312885900011716,0.8430625676755549
267,0.0001,0.13806289281038678,0.8084637159432213,0.23983904359104868,0.7301612595306763,0.8424837972069608
268,0.0001,0.14188059129040032,0.8051332557053522,0.24264732587250162,0.7307444911868591,0.8426486528705642
269,0.0001,0.13828629123813965,0.8085947352189314,0.2587335194314356,0.7192103490958184,0.8350131821882031
270,0.0001,0.13747815812444864,0.8086126903557203,0.2559510331887465,0.7207125226104895,0.8355906269535538
271,0.0001,0.13779511571149616,0.8067994490721389,0.24596832692623138,0.725592244073276,0.839278560429356
272,0.0001,0.13787158384152196,0.8106257749625285,0.24464804632759793,0.7283967062201161,0.8411949924202724
273,0.0001,0.13729686229763663,0.8059909050949244,0.24204531896027018,0.7320452875459083,0.8438407006645486
274,0.0001,0.13664555563317501,0.8089984559403794,0.24665744258807257,0.7320409683788862,0.8437751403520725
275,0.0001,0.13766673412721822,0.8100862050198383,0.23892480658960866,0.7292738114307856,0.8418899724940291
276,0.0001,0.13908280276090784,0.8082672624905946,0.24538011166638943,0.7300342292335988,0.842229975163523
277,0.0001,0.13661908878780463,0.8111826846550843,0.24486622328941637,0.7293812714361968,0.841982926400193
278,0.0001,0.13719604265711763,0.810425233709416,0.243499253259037,0.7318456233514657,0.8436771651710566
279,0.0001,0.1389670586487388,0.806061330657872,0.2425312617650399,0.7281186890717419,0.841372266212035
280,0.0001,0.1368491890401963,0.809700877967451,0.25047115648622476,0.7189330594171993,0.8350996058990099
281,0.0001,0.13628704013193355,0.8115074378462124,0.2500280980225448,0.7284431870352147,0.8412474560994347
282,0.0001,0.13756610568174543,0.8094819539882749,0.23628445209819318,0.7327775758467768,0.8442450892321692
283,0.0001,0.13421551899655776,0.8152070464511647,0.24009676053847148,0.7303737546615162,0.8427003751222216
284,0.0001,0.1353908490992206,0.8095300991006765,0.2416880781397278,0.7305631029012754,0.842853207814317
285,0.0001,0.13435299897237735,0.8124750776599754,0.2375255937759693,0.7338142051001745,0.8449145048403421
286,0.0001,0.1366888831150444,0.8111933460217229,0.23942973461998251,0.7342073536834894,0.8453183867660293
287,0.0001,0.13565055113833616,0.81016094249347,0.23856688206230764,0.7334851765407588,0.8448849131122621
288,0.0001,0.1321129269678803,0.8189714862101911,0.23870793241502603,0.7319991526411657,0.8437973202166903
289,0.0001,0.13527127544340842,0.8105105617792286,0.23812167603017648,0.733146289194791,0.8445267099075277
290,0.0001,0.13434325259945848,0.8153650009865723,0.24422183954890395,0.7262274003182739,0.839802073523315
291,0.0001,0.1331430374754264,0.8132883364481398,0.24912216244163093,0.7283870855871349,0.8413567615633641
292,0.0001,0.1337888624299975,0.8122581384083024,0.23806162773471176,0.7341478463585749,0.8453028332273185
293,0.0001,0.13355428980225148,0.8149174487063475,0.2427233228316674,0.7319265482900361,0.8436608073549241
294,0.0001,0.1365658371051883,0.8132524464690012,0.2425709041483673,0.7318363737847942,0.8436434610173068
295,0.0001,0.13226405539385536,0.8154633511289738,0.24378205027990726,0.731625106593282,0.8434841559834378
296,0.0001,0.1310821351430872,0.8151000533776125,0.24014299059962177,0.732452153854324,0.8440763071064917
297,0.0001,0.13207125625408747,0.816205155469349,0.23837535612749092,0.7293896305857183,0.8416465291830166
298,0.0001,0.13080240851816008,0.8162925156778303,0.2418254670096841,0.7333255047503897,0.8446019775480893
299,0.0001,0.1322953193448484,0.8178727803828432,0.24026782597814286,0.7328507002576776,0.8443176119959209
300,0.0001,0.1314196414040292,0.8191490911776618,0.23847207738147988,0.7345976790653447,0.8453455571582471
301,0.0001,0.13092197266900363,0.8158806241197168,0.24164602193203602,0.7254697142078543,0.8391195085397609
302,0.0001,0.13285677422605016,0.8151673075986354,0.25891411719304736,0.712689435006398,0.8305327231629733
303,0.0001,0.13261567743714242,0.8158344801531388,0.24334688970457502,0.7318462534893815,0.8435144793492277
304,0.0001,0.12983793036683516,0.8163143840360161,0.24213590257333747,0.7290898401076655,0.8417020412993437
305,0.0001,0.12711560602902489,0.8211661305981445,0.24137794534802,0.7321653904368014,0.8438698374224067
306,0.0001,0.12938063131535754,0.8182010657737934,0.24456575223596105,0.7285410621679144,0.8414237822037276
307,0.0001,0.128784036524046,0.8174695958015025,0.2411145970170751,0.7310779307861337,0.8429894944281348
308,0.0001,0.13024473960018335,0.8183978419183096,0.24233329394361475,0.7331792136355346,0.84447389317807
309,0.0001,0.12828310885850122,0.8172528112598045,0.25044566245524436,0.7183463431197977,0.8344180038014306
310,0.0001,0.13060713627868714,0.8169226625338711,0.2436744993204599,0.7262940721484706,0.83993177486845
311,0.0001,0.12934592026559746,0.8196611287350565,0.24681443412661988,0.7285786419691274,0.8412945098108704
312,0.0001,0.12760058242608519,0.8203896525528456,0.239337458442419,0.7343198278400616,0.8452019393308636
313,0.0001,0.12827179893193877,0.8213704442354864,0.23672162072780806,0.7349299202194902,0.8456096372463322
314,0.0001,0.12690460254602573,0.8229328854943121,0.24323608799950108,0.7301576835674052,0.8424678385689185
315,0.0001,0.12912880470428398,0.8224767637514722,0.23770694658433125,0.7335938887257695,0.844755009450779
316,0.0001,0.13055661257685108,0.8156953343516724,0.2392550656647036,0.7317832551755681,0.8437156661436446
317,0.0001,0.12889202213024392,0.8188797032116932,0.2380705536940159,0.7338826055955469,0.8449935450954308
318,0.0001,0.1277607065242003,0.8222688163043108,0.23884989468605963,0.7321962886735325,0.843900805852759
319,0.0001,0.12534170269089587,0.8243274080890143,0.24507619609762898,0.7312162213695215,0.8429754250301021
320,0.0001,0.125843394698356,0.8219816233724366,0.24267197605017776,0.7297261784608056,0.8420270376987193
321,0.0001,0.1272714392775122,0.821842399616634,0.25261384641731177,0.7200590368286496,0.8354295446897406
322,0.0001,0.12687027632423184,0.8226272921276004,0.2432408258591816,0.7302843377687125,0.8424503793316601
323,0.0001,0.13034392707049847,0.8176600372405533,0.24170592028797763,0.7277619140760886,0.8410046897757167
324,0.0001,0.12715342994231513,0.8193546587359355,0.24276879473483606,0.7325717515829572,0.8441306603740008
325,0.0001,0.1256372296689626,0.8244757047681934,0.24723057061324627,0.7233748030558494,0.8378511744192786
326,0.0001,0.12554955633138032,0.8243926200294945,0.23655251225272378,0.7312864857462789,0.8431868010776397
327,0.0001,0.12578642683322816,0.8235298131182622,0.2426517965483578,0.7293147427512933,0.8416005851580429
328,0.0001,0.12531785639550755,0.8229812239397191,0.23907414777374966,0.7332952604002034,0.8445563236781423
329,0.0001,0.1236941025537603,0.8231545791830857,0.23961415029925742,0.7307721032927909,0.8428511661611008
330,0.0001,0.12426501003039234,0.8235783340695921,0.2406907020471035,0.7293891619411438,0.8419733839728991
331,0.0001,0.1241704298676375,0.8248454216230239,0.2366466428334023,0.7345504244117974,0.845435992854253
332,0.0001,0.12387144023223835,0.8258078208137841,0.241501373958675,0.730152260259147,0.8423051209203588
333,0.0001,0.12464476746561773,0.8266783170177541,0.2437207837462862,0.7295886343492339,0.8420306252313431
334,0.0001,0.12392792738426257,0.8236248491952045,0.23806463864260105,0.7322600803572173,0.8439501451286447
335,0.0001,0.12395959277637303,0.8262690847312525,0.24631984995834993,0.7290701330893228,0.841417591581701
336,0.0001,0.12256206711754203,0.8292085055108074,0.2445364337373566,0.7292873889765522,0.8418651089797474
337,0.0001,0.1233131481498918,0.8260016101412633,0.24006869046242682,0.7316866081914094,0.8434187031953478
338,0.0001,0.12446558535756434,0.824693091487504,0.23745442517511137,0.7321192509468041,0.8437149003030378
339,0.0001,0.12424740732154425,0.8270986811918266,0.24136096501088405,0.7323137388822127,0.8440573752945122
340,0.0001,0.12169009633362293,0.8275252667714174,0.24037405793920105,0.7320354934582864,0.8437288280831561
341,0.0001,0.12164465814609737,0.8294832014663444,0.24674527418045772,0.7213124366752481,0.8364555675862482
342,0.0001,0.12302265110809137,0.8248127063531847,0.2534229589469267,0.7263417682808815,0.8396320448134632
343,0.0001,0.12215120979475186,0.828446958056575,0.24634382456213563,0.7257804739235242,0.839466736827174
344,0.0001,0.12259063968325362,0.8278057552055964,0.24138898912803594,0.7300209168664952,0.842204694737407
345,0.0001,0.12270588600350653,0.8256388900546187,0.24199893202755476,0.7287618966596892,0.8414643021466273
346,0.0001,0.12070886898950181,0.8285995150347815,0.23796492585769066,0.7331208688361671,0.8444871707726415
347,0.0001,0.12001579901313081,0.8280055851291243,0.24479950118414212,0.7292733063274367,0.8417591310851926
348,0.0001,0.12096736673265696,0.8282381843934703,0.24018921918703087,0.7308486160374499,0.8429215312229659
349,0.0001,0.12047390667173792,0.8305582783112035,0.24190226590240393,0.7300457296371393,0.8424097432449927
350,0.0001,0.12200290624819257,0.8287657500517898,0.24176177371552576,0.7295236497377242,0.842008559162415
351,0.0001,0.119875154348419,0.8266206431020028,0.24061541592245136,0.731262845150177,0.8432590715085104
352,0.0001,0.12075732838745941,0.8309257324611474,0.24128509621262115,0.7288702812644423,0.8417435831295738
353,0.0001,0.11970069941461962,0.8311719330510102,0.24560240697074723,0.726215809868458,0.8398793611430415
354,0.0001,0.12094629520331235,0.8309531241972309,0.23600209206888528,0.7324125924445886,0.8439084155033033
355,0.0001,0.1204932461876203,0.8302381561176274,0.2416971836225454,0.7314693735170226,0.8432597952453162
356,0.0001,0.11961704307674047,0.8325873958728508,0.2517358238225455,0.7214596536337451,0.8365899943024915
357,0.0001,0.11987492436652675,0.832547314705347,0.24204817403367151,0.7309758898490234,0.8432461787452648
358,0.0001,0.11901891519151189,0.8311051582521067,0.23687763812341095,0.7331227191454087,0.8444676668784581
359,0.0001,0.11827268766458421,0.831346626914522,0.24078737510429635,0.7318826177673161,0.8436556529045227
360,0.0001,0.11886018914554049,0.8294918491039808,0.2377175312666666,0.7321489269690931,0.8438091392093048
361,0.0001,0.11956836313337964,0.8305765340821827,0.2441830880148507,0.7281559690189645,0.8411811526994937
362,0.0001,0.117755331674262,0.8341640762127395,0.23994096349447203,0.7310260888946603,0.8429663125292434
363,0.0001,0.11904744647771996,0.8300750335215578,0.23820950865963877,0.7296064223616473,0.8420537139302054
364,0.0001,0.11690211315255832,0.8323493590420106,0.2387138933161676,0.7316011150154728,0.8434136216582414
365,0.0001,0.11519816424697638,0.8371972648917315,0.2415183077910881,0.7325852081527816,0.844027574511095
366,0.0001,0.11922117708908285,0.8336826007316307,0.24072370533541446,0.732143687364273,0.843740748943876
367,0.0001,0.11788044231669868,0.8342041728632695,0.2438742349217663,0.7315252549306774,0.8433563758467495
368,0.0001,0.11653710062177304,0.8344160778589893,0.24403154462466747,0.7279972685744481,0.8409832948989042
369,0.0001,0.11919126237797387,0.8304981202115246,0.24504425652297862,0.7246836704301967,0.8387376802933579
370,0.0001,0.11897587624159367,0.8340045238006075,0.24442461111170033,0.7303394773880779,0.8424855286339895
371,0.0001,0.1187296700937783,0.8319812294983217,0.2410282246468268,0.7319967084713004,0.843758514435305
372,0.0001,0.11728808596072827,0.8327781514281617,0.240806078736162,0.7330253188327652,0.844405269854352
373,0.0001,0.11517065936042105,0.8350051430546415,0.23803711002999609,0.733129318415875,0.8444879192126469
374,0.0001,0.11600564391461804,0.8346733924708443,0.24020664846940792,0.7304732274657759,0.8426142557696773
375,0.0001,0.11513583559323759,0.8340526313177063,0.2383855851469459,0.7333411744652003,0.8445456931027965
376,0.0001,0.11485859881812598,0.8348764251512409,0.24081999221782543,0.7300106906731743,0.8423153340814972
377,0.0001,0.11631222288398181,0.8337478260542346,0.24598629412415263,0.7268741526277744,0.8401519745799123
378,0.0001,0.11558686066692804,0.8363250872354846,0.24364160983772068,0.7301942874747699,0.8423778446348538
379,0.0001,0.11612963260096662,0.8323447445353298,0.23942471205533206,0.7330784280653561,0.8444639299401265
380,0.0001,0.1144442138782538,0.8349571877205633,0.240889840728634,0.7309728741390741,0.8429425663485358
381,0.0001,0.11702475488624152,0.8328630266439044,0.24143980852850191,0.7326188635846721,0.8441111349691157
382,0.0001,0.11590869637096629,0.8334858427251677,0.24297175597358536,0.7303253960755193,0.8423979334748625
383,0.0001,0.11586409158018582,0.8344740908934013,0.2417492470243475,0.7315763242791196,0.8433603223893708
384,0.0001,0.11515597010250478,0.8350922801345868,0.24110421385520545,0.7308664223528043,0.8428530173241738
385,0.0001,0.11447085208697792,0.8351590478900988,0.23960133759311705,0.7315652408592086,0.8434303707614648
386,0.0001,0.11276609431404401,0.8386549428497606,0.23943942168475071,0.7294436615901319,0.8419598015760212
387,0.0001,0.11621253703282598,0.8366743111724242,0.24115734009734002,0.7298841723119572,0.8422002569271011
388,0.0001,0.11195851862430573,0.8412559464457545,0.239321523751968,0.7301931518479086,0.8424426049646756
389,0.0001,0.11494871243998847,0.8380746796529884,0.23906526253336952,0.7294773492739873,0.8419210698123077
390,0.0001,0.11405260770526879,0.8350652909525944,0.2408709813168634,0.73098901120893,0.8428374775424964
391,0.0001,0.11441623749594916,0.8374299072726675,0.24109525481859842,0.7310044722795587,0.8430431666671567
392,0.0001,0.1123022677596001,0.8393740090075905,0.2396625959392869,0.7305808059516317,0.8425942114627046
393,0.0001,0.11336861041319721,0.8372264342512058,0.24321199587849907,0.7286989331477105,0.8413986339653382
394,0.0001,0.1138925113961758,0.8365953845659057,0.23958919947837298,0.7316492316479798,0.8434144263904849
395,0.0001,0.11352674365865395,0.8393548748086678,0.23849833601123685,0.732374787814025,0.8439184996212448
396,0.0001,0.11246452935259132,0.8385867303818019,0.24217473827438912,0.7304455282058252,0.8425910246806296
397,0.0001,0.11357296438997283,0.8385950906653945,0.23964497840011512,0.7312375160584073,0.8431555483432732
398,0.0001,0.11241212930968579,0.837352744377245,0.2401654309296346,0.7305303254549523,0.8426254996769851
399,0.0001,0.11285164708490758,0.8404334343578488,0.2415575410747703,0.7304914291151773,0.8425828791758646
400,0.0001,0.1137215068207725,0.838762756549107,0.24249022391252903,0.7285667742723945,0.8413471391504359
401,0.0001,0.11163362136165447,0.8401069953469709,0.24307360830324473,0.7302376212097755,0.8423644302788517
402,0.0001,0.11329420357394744,0.8383712112459022,0.24230179157885876,0.7299400766617903,0.8421974018427804
403,0.0001,0.11212031659670174,0.8401691639773122,0.24032476915544643,0.7310749719877813,0.8429883472318577
404,0.0001,0.11089722410885289,0.8399238167847212,0.24051524300278324,0.7314888261248811,0.8433881794690061
405,0.0001,0.11269615163259647,0.8404910147768124,0.24379545111795922,0.7291052608992901,0.8416299842401287
406,0.0001,0.1118070584420553,0.8392499357995411,0.24247311284908882,0.7302425850202602,0.8424300244707454
407,0.0001,0.11305001146598335,0.8366320403886413,0.24149270153744318,0.7300565812545555,0.8422388572777567
408,0.0001,0.1121612016851192,0.8407439304322609,0.2442772008560516,0.7298907266285557,0.842146331999899
409,0.0001,0.11100842392839053,0.8388908504804944,0.2400333882469834,0.7293884924279848,0.8418123821703624
410,0.0001,0.11171514132772298,0.8406082499432691,0.24247619755320496,0.7293271152186389,0.8417108460613699
411,0.0001,0.11093502138357829,0.8393478983915158,0.24273312861447807,0.7280177754704171,0.8409527397166593
412,0.0001,0.1110099080730887,0.8380340321100982,0.2406307970866179,0.72889044520272,0.8414538407446367
413,0.0001,0.11145423955338843,0.8412771051302737,0.24342751579406935,0.7286299049536837,0.8413153687298198
414,0.0001,0.11086248613291365,0.8418516161421752,0.24142461856861255,0.7297890736739435,0.841974768314245
415,0.0001,0.10994256564470775,0.8420994332552914,0.24311017717197264,0.7280413076169442,0.840807835075535
416,0.0001,0.10837135935092673,0.8431995240075274,0.2441966332795419,0.7256096806359592,0.8392818076769581
417,0.0001,0.11112583417664557,0.8390745419490722,0.24274675231495182,0.7276111461193837,0.8406283642770256
418,0.0001,0.11091605183558867,0.8400306605881561,0.24307778701459096,0.7292392085702211,0.8417505066921335
419,0.0001,0.11022199450663346,0.8418766572390747,0.241138987161301,0.7295331937381612,0.8419415796675506
420,0.0001,0.10852219106848626,0.8427679771646933,0.24041052430103987,0.7298670166389807,0.8421542801467716
421,0.0001,0.11096713337225511,0.8406654070650332,0.2416550399728747,0.7287351790417814,0.841327762145318
422,0.0001,0.10945731365834088,0.8434882286586464,0.2435776519797224,0.727851785195646,0.8407429808946356
423,0.0001,0.11094411191366174,0.8409513225898021,0.24194514882433546,0.7293651782996299,0.8417997454703411
424,0.0001,0.10836673310190878,0.8434247709647499,0.2406482429076464,0.7293974897610014,0.8418940033515977
425,0.0001,0.10749112340786002,0.8449228881037624,0.24329642667656853,0.7298626882783932,0.8421106699946345
426,0.0001,0.10867376348880284,0.8423940663175663,0.2414181254285596,0.7296259388925441,0.8419829561769082
427,0.0001,0.10846747185432297,0.8440485058996315,0.24077302321191235,0.7309528718300966,0.8429535233660453
428,0.0001,0.10952200135216117,0.8418662747285905,0.24152931996754237,0.7304566282425397,0.8425411799086918
429,0.0001,0.11001871331759236,0.8410379442881046,0.24219503638508555,0.7288058986657608,0.8413462175943959
430,0.0001,0.10955495253095732,0.8424432720326502,0.24192290570273067,0.7277685524868583,0.8407122216312836
431,0.0001,0.10808322978589464,0.8423921987291676,0.24228650806369362,0.7305948818224597,0.8426749232903386
432,0.0001,0.10979981405441375,0.8431155223613391,0.2432018721496666,0.7297744922127115,0.8421383148738765
433,0.0001,0.10920905836803071,0.8436775581021195,0.24101889177119776,0.7308023405832933,0.8428085052006151
434,0.0001,0.10953883476117078,0.8434936664773864,0.2425972567700641,0.729634982966417,0.8419531133455234
435,0.0001,0.10779186836717759,0.8444796385212865,0.24072636783996346,0.7299731281423748,0.8422581153633903
436,0.0001,0.10786682478261783,0.8448989213687375,0.24229331663895004,0.7290317634177146,0.8415757980104107
437,0.0001,0.10908751908744521,0.8436454505167367,0.24276725216444595,0.7302626003524655,0.842496903246832
438,0.0001,0.10932052002617103,0.8417515225997494,0.24343920993062604,0.7295013791705508,0.8418734175016481
439,0.0001,0.10959999620750108,0.845898990908959,0.24241859359400614,0.7292764784048308,0.8417321671040136
440,0.0001,0.10851040438694112,0.8451383553945991,0.24254425628718002,0.7284477755225444,0.8412270905171768
441,0.0001,0.10740061174146831,0.8453288111804715,0.24210332918079783,0.7292581768170244,0.8416819219708704
442,0.0001,0.1069996700320831,0.8468087361276555,0.24667572478453317,0.7277670163035611,0.8407841442217613
443,0.0001,0.10979520839036387,0.843490234159154,0.24176769471648848,0.7305064333755846,0.8425872969940406
444,0.0001,0.10872753238415017,0.843485942564579,0.24222777980369525,0.7293065475815493,0.8417405325540205
445,0.0001,0.10766042006092474,0.8434283825552678,0.24320773098058315,0.7286651454483404,0.8412474851819965
446,0.0001,0.10695690252160762,0.8444564878111841,0.24231766846590427,0.7295167184436752,0.841929363631076
447,0.0001,0.10687707218012828,0.8460676235588791,0.24391853045194578,0.7276592572906826,0.8406406346190816
448,0.0001,0.10598415859481868,0.8453793603147558,0.24202429080184126,0.7286439796421504,0.8412880822684976
449,0.0001,0.10825077674406416,0.8436716603943362,0.24038855726028974,0.7298068582740653,0.8421446536722023
450,0.0001,0.10640799343202482,0.8454905440953101,0.24471262452148257,0.7282357940877637,0.8410449692744406
451,0.0001,0.1060254791587153,0.8471869274191848,0.24107650304451966,0.7294108400312362,0.8418308553462258
452,0.0001,0.10651453692630372,0.8460848499493016,0.23922307112496413,0.7300707568811369,0.8422917484590025
453,0.0001,0.10753711554057457,0.8450074750067976,0.2426473122267496,0.7285368272971047,0.8412078911809154
454,0.0001,0.10792855456854929,0.8438554884986533,0.24299172604040348,0.7279129710524784,0.8408049152464177
455,0.0001,0.10579920550534393,0.8485758786434164,0.24307450095375815,0.7282648511400922,0.841095875786335
456,0.0001,0.10653000659144976,0.8459030140772438,0.24254690689263325,0.7282750365245703,0.8410876186502207
457,0.0001,0.10559805003268753,0.8463973995988463,0.24137751905472724,0.7298259961909506,0.8421235644395183
458,0.0001,0.10716958227567375,0.8444962274271847,0.24430641832150818,0.7282109362609254,0.840986801913687
459,0.0001,0.10735148442087367,0.8447089886711516,0.244171882942046,0.7279833200941848,0.8408766070646226
460,0.0001,0.10731379412498106,0.8442047709806958,0.2415625947517353,0.7299061570635665,0.8421841861122603
461,0.0001,0.10543222155641108,0.8474216122223425,0.2434815722398269,0.7285076442991867,0.841195883025849
462,0.0001,0.10445159916108583,0.8503913212572461,0.24256109634598533,0.7291635598152134,0.8417366389602187
463,0.0001,0.10604085440418738,0.8439801463879935,0.24600790299120404,0.7259803208452905,0.8395112498299725
464,0.0001,0.106437655426014,0.8436452483582184,0.24382818176414503,0.7287732463445971,0.84132437135283
465,0.0001,0.10725531616138623,0.8463346320856661,0.2463577965022007,0.7263119278114252,0.839739493971225
466,0.0001,0.10482338302330498,0.8475031342954146,0.24281324287910602,0.7283617381090148,0.8410971426395408
467,0.0001,0.10454220724675585,0.8494813125660001,0.2431554783940752,0.72855625388442,0.8412237908154492
468,0.0001,0.10641692351440296,0.8442832348461712,0.24334231679474477,0.7277640404324477,0.8407208679817857
469,0.0001,0.10587817885200768,0.8504603222086283,0.24240741188272888,0.7284584131299379,0.8411989927696679
470,0.0001,0.10470791621243253,0.8467616812460862,0.24325941868754097,0.7284221908466513,0.8411503528208367
471,0.0001,0.10471814790028422,0.8504356693109826,0.24345136463860453,0.7284173096947258,0.8411134241683101
472,0.0001,0.10640938571818612,0.8443830101376347,0.24275560742551153,0.7286644011829123,0.8413151595204972
473,0.0001,0.10629566264448359,0.8483090352329915,0.2447135267786054,0.7283989187429288,0.841035822020756
474,0.0001,0.1059872939470498,0.8489015586872676,0.24489359983376094,0.727070117777914,0.8402051499010301
475,0.0001,0.10569451512385379,0.8486119226852405,0.24332658051352798,0.7290012551418338,0.8415556376861614
476,0.0001,0.10531472799587338,0.847940211429681,0.24318895289749454,0.728631694556007,0.841238153776111
477,0.0001,0.10530058205511202,0.8464432005877931,0.24375047395517538,0.7279699684515896,0.8407982231869173
478,0.0001,0.10578843729351373,0.8470262758322423,0.24192300766378969,0.730152517763288,0.8423207412402222
479,0.0001,0.10632863340844564,0.8466149987115079,0.24550369742152456,0.725822593521273,0.8394315952959948
480,0.0001,0.10548218725906576,0.8477067374994068,0.24491996550079667,0.7272411095652799,0.8404262425879383
481,0.0001,0.10441974571029491,0.8501532349861954,0.24403949627727817,0.7274169159714355,0.8404672802622418
482,0.0001,0.104869256289128,0.8490808120734664,0.24313607997510023,0.7284653175189878,0.8412220465856245
483,0.0001,0.10577324734014623,0.8489414581401301,0.2448230200198107,0.72854177948922,0.8412810897553801
484,0.0001,0.10441503502592883,0.8479121764936314,0.24399006077439794,0.7277581804060205,0.8406706720596435
485,0.0001,0.10446712938959107,0.8480020950802531,0.24316400093036694,0.7278860268263604,0.8407589694638986
486,0.0001,0.10551443004378062,0.8479280784448039,0.24415956295671917,0.729084724805613,0.8415822303119098
487,0.0001,0.10529513955664109,0.8483237861908144,0.24400515068363357,0.7287506821883203,0.8413398240160249
488,0.0001,0.1051226147751817,0.8487741263338942,0.2435866451307094,0.7284870792240793,0.8411637345908711
489,0.0001,0.10462292345405064,0.8480499146515675,0.2428724943172364,0.7295573017288907,0.841894154313771
490,0.0001,0.10450143204070628,0.8488437338043843,0.24554508722527124,0.7270523752102678,0.8402106320176239
491,0.0001,0.1053388813537929,0.8487270755009358,0.24498629706464845,0.7276971169098316,0.8406322196837794
492,0.0001,0.10346295521594584,0.849408073480514,0.24390670586199986,0.7294770855850113,0.8419052544603327
493,0.0001,0.10375679258311934,0.8496120020511527,0.24485442751929873,0.7274898858614282,0.8405298121261546
494,0.0001,0.10387339080026482,0.8491186576725465,0.24455978871483505,0.7284857280416258,0.841243548108052
495,0.0001,0.1044095199664726,0.8486172969853669,0.2446119778758877,0.7285354150376196,0.8412424471013589
496,0.0001,0.105529947891174,0.8478693334584266,0.24689030740068946,0.7261829510204553,0.8396096620299126
497,0.0001,0.10325720498119206,0.847452395617647,0.2448259943025016,0.7277422378382781,0.8406822303823476
498,0.0001,0.1059284388936837,0.8486337037374129,0.24538649252919487,0.7262997457325536,0.8396654154288343
499,0.0001,0.10374693108229514,0.8485989582920622,0.2449551435398968,0.7280931160431061,0.840915447111178
